file,class,function,signature
firmware/src/error_handler.cpp,ErrorHandler,initialize,void ErrorHandler::initialize()
firmware/src/error_handler.cpp,ErrorHandler,systemHealthy,bool ErrorHandler::systemHealthy()
firmware/src/mode_manager.cpp,ModeManager,ModeManager,ModeManager::ModeManager()
firmware/src/mode_manager.cpp,ModeManager,loadPersistedMode,"bool ModeManager::loadPersistedMode(OperationMode& outMode, uint8_t& outTargetConfig, bool& outByDevice)"
firmware/src/mode_manager.cpp,ModeManager,saveMode,"void ModeManager::saveMode(OperationMode mode, uint8_t targetConfig, bool byDevice)"
firmware/src/mode_manager.cpp,ModeManager,clearPersistedMode,void ModeManager::clearPersistedMode(const char* source)
firmware/src/mode_manager.cpp,ModeManager,getModeChangeCount,uint32_t ModeManager::getModeChangeCount()
firmware/src/mode_manager.cpp,ModeManager,getLastModeChangeUptime,uint32_t ModeManager::getLastModeChangeUptime()
firmware/src/mode_manager.cpp,ModeManager,logModeTransition,"void ModeManager::logModeTransition(OperationMode from, OperationMode to, const char* source)"
firmware/src/mode_manager.cpp,ModeManager,hasPersistedMode,bool ModeManager::hasPersistedMode()
firmware/src/wifi_manager.cpp,WiFiManager,WiFiManager,WiFiManager::WiFiManager()
firmware/src/wifi_manager.cpp,WiFiManager,generateDeviceId,void WiFiManager::generateDeviceId()
firmware/src/wifi_manager.cpp,WiFiManager,getUniqueAPSSID,String WiFiManager::getUniqueAPSSID() const
firmware/src/wifi_manager.cpp,WiFiManager,getUniqueMDNSHostname,String WiFiManager::getUniqueMDNSHostname() const
firmware/src/wifi_manager.cpp,WiFiManager,getDeviceId,String WiFiManager::getDeviceId()
firmware/src/wifi_manager.cpp,,migrateLegacyCredentials,"static bool migrateLegacyCredentials(String& outSsid, String& outPassword)"
firmware/src/wifi_manager.cpp,WiFiManager,hasStoredCredentials,bool WiFiManager::hasStoredCredentials() const
firmware/src/wifi_manager.cpp,WiFiManager,loadCredentials,bool WiFiManager::loadCredentials()
firmware/src/wifi_manager.cpp,WiFiManager,saveCredentials,"bool WiFiManager::saveCredentials(const char* ssid, const char* password)"
firmware/src/wifi_manager.cpp,WiFiManager,clearCredentials,bool WiFiManager::clearCredentials()
firmware/src/wifi_manager.cpp,WiFiManager,autoConnect,bool WiFiManager::autoConnect()
firmware/src/wifi_manager.cpp,WiFiManager,startAP,"bool WiFiManager::startAP(const char* ssid, const char* password)"
firmware/src/wifi_manager.cpp,WiFiManager,startBackgroundAP,void WiFiManager::startBackgroundAP()
firmware/src/wifi_manager.cpp,WiFiManager,startStation,"bool WiFiManager::startStation(const char* ssid, const char* password)"
firmware/src/wifi_manager.cpp,WiFiManager,stop,void WiFiManager::stop()
firmware/src/wifi_manager.cpp,WiFiManager,isConnected,bool WiFiManager::isConnected() const
firmware/src/wifi_manager.cpp,WiFiManager,getIPAddress,IPAddress WiFiManager::getIPAddress() const
firmware/src/wifi_manager.cpp,WiFiManager,getSSID,String WiFiManager::getSSID() const
firmware/src/wifi_manager.cpp,WiFiManager,getRSSI,int8_t WiFiManager::getRSSI() const
firmware/src/wifi_manager.cpp,WiFiManager,update,void WiFiManager::update()
firmware/src/wifi_manager.cpp,WiFiManager,handleDisconnect,void WiFiManager::handleDisconnect()
firmware/src/wifi_manager.cpp,WiFiManager,startMDNS,bool WiFiManager::startMDNS(const char* hostname)
firmware/src/wifi_manager.cpp,WiFiManager,checkAPHealth,bool WiFiManager::checkAPHealth()
firmware/src/utils/channel_hash.cpp,,"ChannelHash::getChannelName",const char* ChannelHash::getChannelName(uint8_t hash)
firmware/src/utils/channel_hash.cpp,,"ChannelHash::calculateHash","uint8_t ChannelHash::calculateHash(const char* name, const uint8_t* psk, size_t pskLen)"
firmware/src/repositories/packet_store.cpp,PacketStore,PacketStore,PacketStore::PacketStore()
firmware/src/repositories/packet_store.cpp,PacketStore,initializeEmptyPacket,void PacketStore::initializeEmptyPacket()
firmware/src/repositories/packet_store.cpp,PacketStore,capturePacket,"bool PacketStore::capturePacket(const uint8_t* data, size_t length, uint8_t configIndex, int16_t rssi, float snr, uint32_t nodeId, uint32_t packetId, uint8_t hopCount, uint32_t destId, uint8_t channel, bool wantAck, bool viaMqtt, uint8_t priority, const char* protocol, const char* decryptedText)"
firmware/src/repositories/packet_store.cpp,PacketStore,getPacket,const CapturedPacket& PacketStore::getPacket(uint8_t index) const
firmware/src/repositories/packet_store.cpp,PacketStore,clear,void PacketStore::clear()
firmware/src/pcap_logger.cpp,PCAPLogger,PCAPLogger,PCAPLogger::PCAPLogger()
firmware/src/pcap_logger.cpp,PCAPLogger,~PCAPLogger,PCAPLogger::~PCAPLogger()
firmware/src/pcap_logger.cpp,PCAPLogger,begin,bool PCAPLogger::begin(const char* filename)
firmware/src/pcap_logger.cpp,PCAPLogger,close,void PCAPLogger::close()
firmware/src/pcap_logger.cpp,PCAPLogger,writeGlobalHeader,bool PCAPLogger::writeGlobalHeader()
firmware/src/pcap_logger.cpp,PCAPLogger,writePacket,"bool PCAPLogger::writePacket(const uint8_t* data, size_t length, uint32_t timestampMs, float rssiDbm, float snrDb, float frequencyMHz, uint8_t spreadingFactor, uint32_t bandwidth, uint8_t codingRate)"
firmware/src/pcap_logger.cpp,PCAPSession,PCAPSession,PCAPSession::PCAPSession()
firmware/src/pcap_logger.cpp,PCAPSession,generateSessionFilename,String PCAPSession::generateSessionFilename()
firmware/src/pcap_logger.cpp,PCAPSession,startSession,bool PCAPSession::startSession(const char* sessionName)
firmware/src/pcap_logger.cpp,PCAPSession,endSession,void PCAPSession::endSession()
firmware/src/pcap_logger.cpp,PCAPSession,logPacket,"bool PCAPSession::logPacket(const uint8_t* data, size_t length, float rssiDbm, float snrDb, float frequencyMHz)"
firmware/src/repositories/device_repository.cpp,DeviceRepository,DeviceRepository,DeviceRepository::DeviceRepository()
firmware/src/repositories/device_repository.cpp,DeviceRepository,setDeviceIdentifier,void DeviceRepository::setDeviceIdentifier(DeviceIdentifierFunc identifier)
firmware/src/repositories/device_repository.cpp,DeviceRepository,initialize,void DeviceRepository::initialize()
firmware/src/repositories/device_repository.cpp,DeviceRepository,clear,void DeviceRepository::clear()
firmware/src/repositories/device_repository.cpp,DeviceRepository,addOrUpdate,"TargetableDevice* DeviceRepository::addOrUpdate(uint32_t nodeId, uint8_t configIndex, float rssi, const char* protocol, const uint8_t* packetData, size_t packetLength, uint8_t hopCount)"
firmware/src/repositories/device_repository.cpp,DeviceRepository,initializeNewDevice,"void DeviceRepository::initializeNewDevice(TargetableDevice* device, uint32_t nodeId, uint8_t configIndex, float rssi, const char* protocol, const uint8_t* packetData, size_t packetLength, uint8_t hopCount)"
firmware/src/repositories/device_repository.cpp,DeviceRepository,updateExistingDevice,"void DeviceRepository::updateExistingDevice(TargetableDevice* device, uint8_t configIndex, float rssi, uint8_t hopCount)"
firmware/src/repositories/device_repository.cpp,DeviceRepository,findByNodeId,TargetableDevice* DeviceRepository::findByNodeId(uint32_t nodeId)
firmware/src/repositories/device_repository.cpp,DeviceRepository,findByNodeId,const TargetableDevice* DeviceRepository::findByNodeId(uint32_t nodeId) const
firmware/src/repositories/device_repository.cpp,DeviceRepository,findIndexByNodeId,uint8_t DeviceRepository::findIndexByNodeId(uint32_t nodeId) const
firmware/src/repositories/device_repository.cpp,DeviceRepository,getByIndex,const TargetableDevice& DeviceRepository::getByIndex(uint8_t index) const
firmware/src/repositories/device_repository.cpp,DeviceRepository,getByIndexMutable,TargetableDevice* DeviceRepository::getByIndexMutable(uint8_t index)
firmware/src/repositories/device_repository.cpp,DeviceRepository,removeByNodeId,bool DeviceRepository::removeByNodeId(uint32_t nodeId)
firmware/src/repositories/device_repository.cpp,DeviceRepository,evictOldestInactive,bool DeviceRepository::evictOldestInactive()
firmware/src/api_security.cpp,APISecurity,begin,void APISecurity::begin()
firmware/src/api_security.cpp,APISecurity,getToken,String APISecurity::getToken()
firmware/src/api_security.cpp,APISecurity,regenerateToken,String APISecurity::regenerateToken()
firmware/src/api_security.cpp,APISecurity,isAuthenticated,bool APISecurity::isAuthenticated(AsyncWebServerRequest* request)
firmware/src/api_security.cpp,APISecurity,sendUnauthorized,void APISecurity::sendUnauthorized(AsyncWebServerRequest* request)
firmware/src/api_security.cpp,APISecurity,isEnabled,bool APISecurity::isEnabled()
firmware/src/api_security.cpp,APISecurity,boundReplayParams,"void APISecurity::boundReplayParams(uint8_t repeatCount, uint16_t delayMs, uint8_t& outRepeatCount, uint16_t& outDelayMs)"
firmware/src/api_security.cpp,APISecurity,loadToken,void APISecurity::loadToken()
firmware/src/api_security.cpp,APISecurity,saveToken,void APISecurity::saveToken(const String& token)
firmware/src/api_security.cpp,APISecurity,generateToken,String APISecurity::generateToken()
firmware/src/api_security.cpp,APISecurity,hashIP,uint32_t APISecurity::hashIP(IPAddress ip)
firmware/src/api_security.cpp,APISecurity,checkRateLimit,bool APISecurity::checkRateLimit(AsyncWebServerRequest* request)
firmware/src/api_security.cpp,APISecurity,sendRateLimited,void APISecurity::sendRateLimited(AsyncWebServerRequest* request)
firmware/src/ui_components.cpp,,displayDeviceList,void displayDeviceList()
firmware/src/ui_components.cpp,,displayDeviceSummary,"void displayDeviceSummary(const TargetableDevice& dev, uint8_t index)"
firmware/src/ui_components.cpp,,displayRFActivityTable,void displayRFActivityTable()
firmware/src/ui_components.cpp,,displayActivitySummary,void displayActivitySummary()
firmware/src/ui_components.cpp,,formatRSSI,String formatRSSI(float rssi)
firmware/src/ui_components.cpp,,formatDuration,String formatDuration(uint32_t seconds)
firmware/src/ui_components.cpp,,getSignalQuality,String getSignalQuality(float rssi)
firmware/src/crash_context.cpp,,"CrashContext::setLastAction",void CrashContext::setLastAction(const char* action)
firmware/src/crash_context.cpp,,"CrashContext::saveState","void CrashContext::saveState(uint8_t mode, uint32_t uptimeSec, uint32_t freeHeap)"
firmware/src/crash_context.cpp,,"CrashContext::saveResetReason","void CrashContext::saveResetReason(esp_reset_reason_t reason, const char* reasonStr)"
firmware/src/crash_context.cpp,,"CrashContext::loadAndReport",void CrashContext::loadAndReport()
firmware/src/crash_context.cpp,,"CrashContext::printResetInfo",void CrashContext::printResetInfo()
firmware/src/web_server.cpp,WebServer,WebServer,WebServer::WebServer()
firmware/src/web_server.cpp,WebServer,begin,"bool WebServer::begin(IReconTool* tool, uint16_t port)"
firmware/src/web_server.cpp,WebServer,stop,void WebServer::stop()
firmware/src/web_server.cpp,WebServer,setupRoutes,void WebServer::setupRoutes()
firmware/src/web_server.cpp,WebServer,setupWebSocket,void WebServer::setupWebSocket()
firmware/src/web_server.cpp,WebServer,serveStaticFiles,void WebServer::serveStaticFiles()
firmware/src/web_server.cpp,WebServer,handleWebSocketEvent,"void WebServer::handleWebSocketEvent(AsyncWebSocket* server, AsyncWebSocketClient* client, AwsEventType type, void* arg, uint8_t* data, size_t len)"
firmware/src/web_server.cpp,WebServer,handleWebSocketMessage,"void WebServer::handleWebSocketMessage(AsyncWebSocketClient* client, uint8_t* data, size_t len)"
firmware/src/web_server.cpp,WebServer,handlePacketEvent,void WebServer::handlePacketEvent(const PacketEvent& evt)
firmware/src/web_server.cpp,WebServer,broadcastAggregatedUpdate,void WebServer::broadcastAggregatedUpdate()
firmware/src/web_server.cpp,WebServer,periodicUpdate,void WebServer::periodicUpdate()
firmware/src/web_server.cpp,WebServer,service,void WebServer::service()
firmware/src/web_server.cpp,WebServer,broadcastDeviceUpdate,void WebServer::broadcastDeviceUpdate(uint32_t nodeId)
firmware/src/web_server.cpp,WebServer,broadcastStatusUpdate,void WebServer::broadcastStatusUpdate()
firmware/src/web_server.cpp,WebServer,getClientCount,size_t WebServer::getClientCount() const
firmware/src/web_server.cpp,WebServer,cleanupWebSocketClients,bool WebServer::cleanupWebSocketClients()
firmware/src/main.cpp,,setup,void setup()
firmware/src/main.cpp,,loop,void loop()
firmware/src/gps_controller.cpp,GpsController,GpsController,GpsController::GpsController()
firmware/src/gps_controller.cpp,GpsController,initialize,bool GpsController::initialize()
firmware/src/gps_controller.cpp,GpsController,update,void GpsController::update()
firmware/src/gps_controller.cpp,GpsController,hasFix,bool GpsController::hasFix()
firmware/src/gps_controller.cpp,GpsController,hasGoodFix,bool GpsController::hasGoodFix()
firmware/src/gps_controller.cpp,GpsController,getLatitude,double GpsController::getLatitude()
firmware/src/gps_controller.cpp,GpsController,getLongitude,double GpsController::getLongitude()
firmware/src/gps_controller.cpp,GpsController,getAltitude,double GpsController::getAltitude()
firmware/src/gps_controller.cpp,GpsController,getSatellites,uint32_t GpsController::getSatellites()
firmware/src/gps_controller.cpp,GpsController,getAge,uint32_t GpsController::getAge()
firmware/src/logger.cpp,Logger,setInstance,void Logger::setInstance(Logger* logger)
firmware/src/logger.cpp,Logger,getInstance,Logger* Logger::getInstance()
firmware/src/logger.cpp,SerialLogger,SerialLogger,SerialLogger::SerialLogger(LogLevel minLevel)
firmware/src/logger.cpp,SerialLogger,debug,"void SerialLogger::debug(const char* format, ...)"
firmware/src/logger.cpp,SerialLogger,info,"void SerialLogger::info(const char* format, ...)"
firmware/src/logger.cpp,SerialLogger,warning,"void SerialLogger::warning(const char* format, ...)"
firmware/src/logger.cpp,SerialLogger,error,"void SerialLogger::error(const char* format, ...)"
firmware/src/logger.cpp,SerialLogger,log,"void SerialLogger::log(LogLevel level, const char* prefix, const char* format, va_list args)"
firmware/src/radio_controller.cpp,,radioISR,void IRAM_ATTR radioISR()
firmware/src/radio_controller.cpp,RadioController,RadioController,RadioController::RadioController()
firmware/src/radio_controller.cpp,RadioController,~RadioController,RadioController::~RadioController()
firmware/src/radio_controller.cpp,RadioController,initialize,bool RadioController::initialize()
firmware/src/radio_controller.cpp,RadioController,shutdown,void RadioController::shutdown()
firmware/src/radio_controller.cpp,RadioController,runDiagnostics,void RadioController::runDiagnostics()
firmware/src/radio_controller.cpp,RadioController,applyConfig,bool RadioController::applyConfig(const ScanConfig& config)
firmware/src/radio_controller.cpp,RadioController,applyProtocolParameters,void RadioController::applyProtocolParameters(const char* /*protocol*/)
firmware/src/radio_controller.cpp,RadioController,setFrequency,bool RadioController::setFrequency(float frequency)
firmware/src/radio_controller.cpp,RadioController,setBandwidth,bool RadioController::setBandwidth(float bandwidth)
firmware/src/radio_controller.cpp,RadioController,setSpreadingFactor,bool RadioController::setSpreadingFactor(uint8_t sf)
firmware/src/radio_controller.cpp,RadioController,setSyncWord,bool RadioController::setSyncWord(uint8_t sw)
firmware/src/radio_controller.cpp,RadioController,pollIrqStatus,void RadioController::pollIrqStatus()
firmware/src/radio_controller.cpp,RadioController,startReceive,bool RadioController::startReceive()
firmware/src/radio_controller.cpp,RadioController,stopReceive,bool RadioController::stopReceive()
firmware/src/radio_controller.cpp,RadioController,hasPacket,bool RadioController::hasPacket() const
firmware/src/radio_controller.cpp,RadioController,readPacket,"int RadioController::readPacket(uint8_t* buffer, size_t maxLength)"
firmware/src/radio_controller.cpp,RadioController,getPacketLength,size_t RadioController::getPacketLength()
firmware/src/radio_controller.cpp,RadioController,getRSSI,float RadioController::getRSSI(bool useCache)
firmware/src/radio_controller.cpp,RadioController,getSNR,float RadioController::getSNR(bool useCache)
firmware/src/radio_controller.cpp,RadioController,setOutputPower,void RadioController::setOutputPower(int dBm)
firmware/src/user_interface.cpp,,waitForSerialInput,static bool waitForSerialInput(uint32_t timeoutMs = SERIAL_INPUT_TIMEOUT_MS)
firmware/src/user_interface.cpp,,showDeviceTypeSummary,void showDeviceTypeSummary()
firmware/src/user_interface.cpp,,showSecurityAssessment,void showSecurityAssessment()
firmware/src/user_interface.cpp,,showActivityDetails,void showActivityDetails()
firmware/src/user_interface.cpp,,showReconResults,void showReconResults()
firmware/src/user_interface.cpp,,printStats,void printStats()
firmware/src/user_interface.cpp,,displayWelcomeMessage,void displayWelcomeMessage()
firmware/src/user_interface.cpp,,displayReconStartMessage,void displayReconStartMessage()
firmware/src/user_interface.cpp,,showFrequencyTargetingMenu,void showFrequencyTargetingMenu()
firmware/src/user_interface.cpp,,handleFrequencyTargetingInput,void handleFrequencyTargetingInput()
firmware/src/user_interface.cpp,,startFrequencyTargeting,void startFrequencyTargeting(uint8_t configIndex)
firmware/src/utils/pmu_controller.cpp,,"PMUController::initialize",bool PMUController::initialize()
firmware/src/utils/pmu_controller.cpp,,"PMUController::getBatteryVoltage",float PMUController::getBatteryVoltage()
firmware/src/utils/pmu_controller.cpp,,"PMUController::isCharging",bool PMUController::isCharging()
firmware/src/utils/pmu_controller.cpp,,"PMUController::getBatteryPercent",uint8_t PMUController::getBatteryPercent()
firmware/src/utils/pmu_controller.cpp,,"PMUController::shutdown",void PMUController::shutdown()
firmware/src/protocol_analyzer.cpp,ProtocolAnalyzer,analyze,"PacketInfo ProtocolAnalyzer::analyze(const uint8_t* data, size_t length, float rssi)"
firmware/src/protocol_analyzer.cpp,ProtocolAnalyzer,identifyProtocol,"const char* ProtocolAnalyzer::identifyProtocol(const uint8_t* data, size_t length)"
firmware/src/protocol_analyzer.cpp,ProtocolAnalyzer,extractNodeId,"uint32_t ProtocolAnalyzer::extractNodeId(const uint8_t* data, size_t length, const char* protocol)"
firmware/src/protocol_analyzer.cpp,ProtocolAnalyzer,extractPacketId,"uint32_t ProtocolAnalyzer::extractPacketId(const uint8_t* data, size_t length, const char* protocol)"
firmware/src/protocol_analyzer.cpp,ProtocolAnalyzer,extractHopCount,"uint8_t ProtocolAnalyzer::extractHopCount(const uint8_t* data, size_t length, const char* protocol)"
firmware/src/protocol_analyzer.cpp,ProtocolAnalyzer,extractDestId,"uint32_t ProtocolAnalyzer::extractDestId(const uint8_t* data, size_t length, const char* protocol)"
firmware/src/protocol_analyzer.cpp,ProtocolAnalyzer,extractChannel,"uint8_t ProtocolAnalyzer::extractChannel(const uint8_t* data, size_t length, const char* protocol)"
firmware/src/protocol_analyzer.cpp,ProtocolAnalyzer,extractFlags,"void ProtocolAnalyzer::extractFlags(const uint8_t* data, size_t length, const char* protocol, bool& wantAck, bool& viaMqtt, uint8_t& priority)"
firmware/src/protocol_analyzer.cpp,ProtocolAnalyzer,identifyDeviceType,"const char* ProtocolAnalyzer::identifyDeviceType(const uint8_t* data, size_t length, const char* protocol, float rssi)"
firmware/src/protocol_analyzer.cpp,ProtocolAnalyzer,isRoutingDevice,"bool ProtocolAnalyzer::isRoutingDevice(const uint8_t* data, size_t length, const char* protocol)"
firmware/src/protocol_analyzer.cpp,ProtocolAnalyzer,estimateFirmwareVersion,"const char* ProtocolAnalyzer::estimateFirmwareVersion(const uint8_t* data, size_t length, const char* protocol)"
firmware/src/geo_intelligence.cpp,GeoIntelligence,GeoIntelligence,GeoIntelligence::GeoIntelligence()
firmware/src/geo_intelligence.cpp,GeoIntelligence,storePoint,bool GeoIntelligence::storePoint(const GeoPoint& point)
firmware/src/geo_intelligence.cpp,GeoIntelligence,extractPosition,"bool GeoIntelligence::extractPosition(const uint8_t* data, size_t length, uint32_t nodeId)"
firmware/src/geo_intelligence.cpp,GeoIntelligence,extractPositionFromDecrypted,"bool GeoIntelligence::extractPositionFromDecrypted(const uint8_t* decrypted, size_t length, uint32_t nodeId)"
firmware/src/geo_intelligence.cpp,GeoIntelligence,parseProtobufPosition,"bool GeoIntelligence::parseProtobufPosition(const uint8_t* payload, size_t length, GeoPoint& point)"
firmware/src/geo_intelligence.cpp,GeoIntelligence,decodeVarint,"int32_t GeoIntelligence::decodeVarint(const uint8_t* data, size_t maxLen, size_t& bytesRead)"
firmware/src/geo_intelligence.cpp,GeoIntelligence,convertCoordinate,float GeoIntelligence::convertCoordinate(int32_t raw) const
firmware/src/geo_intelligence.cpp,GeoIntelligence,getPoint,const GeoPoint& GeoIntelligence::getPoint(uint8_t index) const
firmware/src/geo_intelligence.cpp,GeoIntelligence,findNodePosition,const GeoPoint* GeoIntelligence::findNodePosition(uint32_t nodeId) const
firmware/src/geo_intelligence.cpp,GeoIntelligence,exportKML,void GeoIntelligence::exportKML(String& output) const
firmware/src/geo_intelligence.cpp,GeoIntelligence,exportGeoJSON,void GeoIntelligence::exportGeoJSON(String& output) const
firmware/src/geo_intelligence.cpp,GeoIntelligence,printSummary,void GeoIntelligence::printSummary() const
firmware/src/geo_intelligence.cpp,GeoIntelligence,clear,void GeoIntelligence::clear()
firmware/src/packet_processor.cpp,PacketProcessor,PacketProcessor,PacketProcessor::PacketProcessor()
firmware/src/packet_processor.cpp,PacketProcessor,queuePacket,"bool PacketProcessor::queuePacket(const uint8_t* data, size_t length, float rssi, float snr, uint8_t configIndex, float frequencyMHz)"
firmware/src/packet_processor.cpp,PacketProcessor,processQueue,void PacketProcessor::processQueue(OLEDDisplay* display)
firmware/src/packet_processor.cpp,PacketProcessor,processSinglePacket,"void PacketProcessor::processSinglePacket(const QueuedPacket& qp, OLEDDisplay* display)"
firmware/src/packet_processor.cpp,PacketProcessor,findAndExtractMeshtasticHeader,"PacketProcessor::MeshtasticHeader PacketProcessor::findAndExtractMeshtasticHeader(const uint8_t* data, size_t length)"
firmware/src/packet_processor.cpp,PacketProcessor,tryDecryptAndCapture,"void PacketProcessor::tryDecryptAndCapture(const uint8_t* data, size_t length, float rssi, float snr, const char* protocol, const MeshtasticHeader& hdr)"
firmware/src/packet_processor.cpp,PacketProcessor,handlePacket,"void PacketProcessor::handlePacket(const PacketInfo& info, const uint8_t* data, size_t length, float rssi, float snr, OLEDDisplay* display)"
firmware/src/lorawan_keys.cpp,,xorBlock,"static void xorBlock(uint8_t* out, const uint8_t* a, const uint8_t* b)"
firmware/src/lorawan_keys.cpp,,shiftLeft,static void shiftLeft(uint8_t* block)
firmware/src/lorawan_keys.cpp,,generateSubkeys,"static void generateSubkeys(const uint8_t* key, uint8_t* K1, uint8_t* K2)"
firmware/src/lorawan_keys.cpp,,calculateMIC,"static bool calculateMIC(const uint8_t* key, const uint8_t* data, size_t length, uint8_t* mic)"
firmware/src/lorawan_keys.cpp,,"LoRaWANKeys::parseJoinRequest","JoinRequest LoRaWANKeys::parseJoinRequest(const uint8_t* data, size_t length)"
firmware/src/lorawan_keys.cpp,,"LoRaWANKeys::testDefaultKeys","KeyTestResult LoRaWANKeys::testDefaultKeys(const JoinRequest& jr, const uint8_t* data, size_t length)"
firmware/src/lorawan_keys.cpp,,"LoRaWANKeys::analyzePacket","bool LoRaWANKeys::analyzePacket(const uint8_t* data, size_t length)"
firmware/src/lorawan_keys.cpp,,"LoRaWANKeys::getStats",const LoRaWANStats& LoRaWANKeys::getStats()
firmware/src/lorawan_keys.cpp,,"LoRaWANKeys::getKeyCount",uint8_t LoRaWANKeys::getKeyCount()
firmware/src/lorawan_keys.cpp,,"LoRaWANKeys::printSummary",void LoRaWANKeys::printSummary()
firmware/src/lorawan_keys.cpp,,"LoRaWANKeys::formatEUI","void LoRaWANKeys::formatEUI(const uint8_t* eui, char* buffer)"
firmware/src/lora_recon_tool.cpp,LoRaReconTool,LoRaReconTool,LoRaReconTool::LoRaReconTool()
firmware/src/lora_recon_tool.cpp,LoRaReconTool,initialize,bool LoRaReconTool::initialize()
firmware/src/lora_recon_tool.cpp,LoRaReconTool,update,void LoRaReconTool::update()
firmware/src/lora_recon_tool.cpp,LoRaReconTool,handleReconnaissanceMode,void LoRaReconTool::handleReconnaissanceMode(uint32_t now)
firmware/src/lora_recon_tool.cpp,LoRaReconTool,handleTargetedCaptureMode,void LoRaReconTool::handleTargetedCaptureMode(uint32_t now)
firmware/src/lora_recon_tool.cpp,LoRaReconTool,refreshDisplayForMode,void LoRaReconTool::refreshDisplayForMode(uint32_t now)
firmware/src/lora_recon_tool.cpp,LoRaReconTool,handlePacketReception,void LoRaReconTool::handlePacketReception()
firmware/src/lora_recon_tool.cpp,LoRaReconTool,startTargetedCapture,void LoRaReconTool::startTargetedCapture(uint8_t deviceIndex)
firmware/src/lora_recon_tool.cpp,LoRaReconTool,startFrequencyTargeting,void LoRaReconTool::startFrequencyTargeting(uint8_t configIndex)
firmware/src/lora_recon_tool.cpp,LoRaReconTool,showReplayMenu,void LoRaReconTool::showReplayMenu()
firmware/src/lora_recon_tool.cpp,LoRaReconTool,replayPacket,void LoRaReconTool::replayPacket(uint8_t slotIndex)
firmware/src/lora_recon_tool.cpp,LoRaReconTool,performShutdown,void LoRaReconTool::performShutdown()
firmware/src/lora_recon_tool.cpp,LoRaReconTool,handleButtonPress,void LoRaReconTool::handleButtonPress(uint32_t now)
firmware/src/wifi_handlers.cpp,,"WiFiHandlers::handleGetWiFiStatus",void WiFiHandlers::handleGetWiFiStatus(AsyncWebServerRequest* request)
firmware/src/wifi_handlers.cpp,,"WiFiHandlers::handleSetWiFiCredentials",void WiFiHandlers::handleSetWiFiCredentials(AsyncWebServerRequest* request)
firmware/src/wifi_handlers.cpp,,"WiFiHandlers::handleClearWiFiCredentials",void WiFiHandlers::handleClearWiFiCredentials(AsyncWebServerRequest* request)
firmware/src/api_controller.cpp,APIController,setReconTool,void APIController::setReconTool(IReconTool* tool)
firmware/src/api_controller.cpp,APIController,getDevices,String APIController::getDevices()
firmware/src/api_controller.cpp,APIController,getDevice,String APIController::getDevice(uint32_t nodeId)
firmware/src/api_controller.cpp,APIController,getPositions,String APIController::getPositions()
firmware/src/api_controller.cpp,APIController,exportGeoJSON,String APIController::exportGeoJSON()
firmware/src/api_controller.cpp,APIController,exportKML,String APIController::exportKML()
firmware/src/api_controller.cpp,APIController,getStatus,String APIController::getStatus()
firmware/src/api_controller.cpp,APIController,getStatistics,String APIController::getStatistics()
firmware/src/api_controller.cpp,APIController,getRFActivity,String APIController::getRFActivity()
firmware/src/api_controller.cpp,APIController,getReconSummary,String APIController::getReconSummary()
firmware/src/api_controller.cpp,APIController,getDeviceTypeSummary,String APIController::getDeviceTypeSummary()
firmware/src/api_controller.cpp,APIController,getSecurityAssessment,String APIController::getSecurityAssessment()
firmware/src/api_controller.cpp,APIController,getReplaySlots,String APIController::getReplaySlots()
firmware/src/api_controller.cpp,APIController,getDiagnostics,String APIController::getDiagnostics()
firmware/src/api_controller.cpp,APIController,getConsolidatedReport,String APIController::getConsolidatedReport()
firmware/src/api_controller.cpp,APIController,startTargetedCapture,String APIController::startTargetedCapture(uint32_t nodeId)
firmware/src/api_controller.cpp,APIController,stopCapture,String APIController::stopCapture()
firmware/src/api_controller.cpp,APIController,clearReplaySlots,String APIController::clearReplaySlots()
firmware/src/api_controller.cpp,APIController,clearDevices,String APIController::clearDevices()
firmware/src/api_controller.cpp,APIController,replayPacket,"String APIController::replayPacket(uint8_t slotIndex, uint8_t repeatCount, uint16_t delayMs)"
firmware/src/api_controller.cpp,APIController,startFrequencyTargeting,String APIController::startFrequencyTargeting(uint8_t configIndex)
firmware/src/api_controller.cpp,APIController,setVerboseMode,String APIController::setVerboseMode(bool enableVerbose)
firmware/src/api_controller.cpp,APIController,getPackets,"String APIController::getPackets(int limit, int offset)"
firmware/src/api_controller.cpp,APIController,getConfig,String APIController::getConfig()
firmware/src/api_controller.cpp,APIController,startScan,String APIController::startScan()
firmware/src/api_controller.cpp,APIController,stopScan,String APIController::stopScan()
firmware/src/api_controller.cpp,APIController,getDashboard,String APIController::getDashboard()
firmware/src/api_controller.cpp,APIController,getSystemConfig,String APIController::getSystemConfig()
firmware/src/api_controller.cpp,APIController,getAnomalies,String APIController::getAnomalies(bool unacknowledgedOnly)
firmware/src/api_controller.cpp,APIController,acknowledgeAnomaly,String APIController::acknowledgeAnomaly(uint8_t index)
firmware/src/api_controller.cpp,APIController,getTemporalData,String APIController::getTemporalData()
firmware/src/api_controller.cpp,APIController,getPSKStats,String APIController::getPSKStats()
firmware/src/json_builders.cpp,,"JsonBuilders::Internal::modeToString",const char* JsonBuilders::Internal::modeToString(uint8_t mode)
firmware/src/json_builders.cpp,,"JsonBuilders::Internal::fillDevice","void JsonBuilders::Internal::fillDevice(ArduinoJson::JsonObject& obj, const TargetableDevice& dev, uint8_t index, ReconState& reconState)"
firmware/src/json_builders.cpp,,"JsonBuilders::buildDevicesJson",String JsonBuilders::buildDevicesJson(ReconState& reconState)
firmware/src/json_builders.cpp,,"JsonBuilders::buildDeviceJson","String JsonBuilders::buildDeviceJson(ReconState& reconState, uint8_t deviceIndex)"
firmware/src/json_builders.cpp,,"JsonBuilders::buildStatusJson",String JsonBuilders::buildStatusJson(ReconState& reconState)
firmware/src/json_builders.cpp,,"JsonBuilders::buildStatisticsJson",String JsonBuilders::buildStatisticsJson(ReconState& reconState)
firmware/src/json_builders.cpp,,"JsonBuilders::buildActivityJson",String JsonBuilders::buildActivityJson(ReconState& reconState)
firmware/src/json_builders.cpp,,"JsonBuilders::buildPositionsJson",String JsonBuilders::buildPositionsJson(GeoIntelligence& geoIntel)
firmware/src/json_builders.cpp,,"JsonBuilders::buildGeoJson",String JsonBuilders::buildGeoJson(GeoIntelligence& geoIntel)
firmware/src/json_builders.cpp,,"JsonBuilders::buildKml",String JsonBuilders::buildKml(GeoIntelligence& geoIntel)
firmware/src/json_builders.cpp,,"JsonBuilders::buildReconSummaryJson","String JsonBuilders::buildReconSummaryJson(ReconState& reconState, GeoIntelligence& geoIntel)"
firmware/src/json_builders.cpp,,"JsonBuilders::buildDeviceTypeSummaryJson",String JsonBuilders::buildDeviceTypeSummaryJson(ReconState& reconState)
firmware/src/json_builders.cpp,,"JsonBuilders::buildSecurityAssessmentJson",String JsonBuilders::buildSecurityAssessmentJson(ReconState& reconState)
firmware/src/json_builders.cpp,,"JsonBuilders::buildReplaySlotsJson",String JsonBuilders::buildReplaySlotsJson(ReconState& reconState)
firmware/src/json_builders.cpp,,"JsonBuilders::buildDiagnosticsJson",String JsonBuilders::buildDiagnosticsJson()
firmware/src/json_builders.cpp,,"JsonBuilders::buildConsolidatedReportJson","String JsonBuilders::buildConsolidatedReportJson(ReconState& reconState, GeoIntelligence& geoIntel)"
firmware/src/packet_logger.cpp,,openCSVForAppend,"static File openCSVForAppend(const char* path, const char* headerLine)"
firmware/src/packet_logger.cpp,PacketLogger,PacketLogger,PacketLogger::PacketLogger()
firmware/src/packet_logger.cpp,PacketLogger,initialize,bool PacketLogger::initialize()
firmware/src/packet_logger.cpp,PacketLogger,shutdown,void PacketLogger::shutdown()
firmware/src/packet_logger.cpp,PacketLogger,startSession,bool PacketLogger::startSession(const char* sessionName)
firmware/src/packet_logger.cpp,PacketLogger,endSession,void PacketLogger::endSession()
firmware/src/packet_logger.cpp,PacketLogger,logPacket,"bool PacketLogger::logPacket(const PacketLogRecord& record, const uint8_t* data, size_t length)"
firmware/src/packet_logger.cpp,PacketLogger,logDevice,"bool PacketLogger::logDevice(uint32_t nodeId, const char* deviceType, const char* protocol, float avgRSSI, float bestRSSI, uint8_t configIndex)"
firmware/src/packet_logger.cpp,PacketLogger,logGPSPosition,"bool PacketLogger::logGPSPosition(uint32_t nodeId, double latitude, double longitude, uint16_t altitude, uint8_t satsInView)"
firmware/src/packet_logger.cpp,PacketLogger,getSessionDuration,uint32_t PacketLogger::getSessionDuration() const
firmware/src/packet_logger.cpp,PacketLogger,printStatus,void PacketLogger::printStatus()
firmware/src/packet_logger.cpp,PacketLogger,generateSessionFilename,String PacketLogger::generateSessionFilename()
firmware/src/packet_logger.cpp,PacketLogger,writeCSVHeader,bool PacketLogger::writeCSVHeader()
firmware/src/packet_logger.cpp,PacketLogger,flush,void PacketLogger::flush()
firmware/src/packet_logger.cpp,PacketLogger,flushBuffer,bool PacketLogger::flushBuffer()
firmware/src/packet_logger.cpp,PacketLogger,escapeCSV,String PacketLogger::escapeCSV(const String& str)
firmware/src/packet_logger.cpp,PacketLogger,bytesToHex,"String PacketLogger::bytesToHex(const uint8_t* data, size_t length)"
firmware/src/api_handlers.cpp,,getFlexParam,"static AsyncWebParameter* getFlexParam(AsyncWebServerRequest* request, const char* name)"
firmware/src/api_handlers.cpp,,parseUnsigned,"static bool parseUnsigned(const String& str, uint32_t& out, int base = 10, uint32_t maxVal = UINT32_MAX)"
firmware/src/api_handlers.cpp,,changeExtension,"static String changeExtension(const String& filename, const char* newExt)"
firmware/src/api_handlers.cpp,,mimeForFilename,static const char* mimeForFilename(const String& filename)
firmware/src/api_handlers.cpp,,requireSD,static bool requireSD(AsyncWebServerRequest* request)
firmware/src/api_handlers.cpp,,requireActiveSession,"static bool requireActiveSession(AsyncWebServerRequest* request, String& outFile)"
firmware/src/api_handlers.cpp,,"APIHandlers::handleGetDevices",void APIHandlers::handleGetDevices(AsyncWebServerRequest* request)
firmware/src/api_handlers.cpp,,"APIHandlers::handleGetDevice",void APIHandlers::handleGetDevice(AsyncWebServerRequest* request)
firmware/src/api_handlers.cpp,,"APIHandlers::handleStartCapture",void APIHandlers::handleStartCapture(AsyncWebServerRequest* request)
firmware/src/api_handlers.cpp,,"APIHandlers::handleStopCapture",void APIHandlers::handleStopCapture(AsyncWebServerRequest* request)
firmware/src/api_handlers.cpp,,"APIHandlers::handleGetPositions",void APIHandlers::handleGetPositions(AsyncWebServerRequest* request)
firmware/src/api_handlers.cpp,,"APIHandlers::handleExportGeoJSON",void APIHandlers::handleExportGeoJSON(AsyncWebServerRequest* request)
firmware/src/api_handlers.cpp,,"APIHandlers::handleExportKML",void APIHandlers::handleExportKML(AsyncWebServerRequest* request)
firmware/src/api_handlers.cpp,,"APIHandlers::handleExportPCAP",void APIHandlers::handleExportPCAP(AsyncWebServerRequest* request)
firmware/src/api_handlers.cpp,,"APIHandlers::handleExportCSV",void APIHandlers::handleExportCSV(AsyncWebServerRequest* request)
firmware/src/api_handlers.cpp,,"APIHandlers::handleGetStatus",void APIHandlers::handleGetStatus(AsyncWebServerRequest* request)
firmware/src/api_handlers.cpp,,"APIHandlers::handleGetDashboard",void APIHandlers::handleGetDashboard(AsyncWebServerRequest* request)
firmware/src/api_handlers.cpp,,"APIHandlers::handleGetStatistics",void APIHandlers::handleGetStatistics(AsyncWebServerRequest* request)
firmware/src/api_handlers.cpp,,"APIHandlers::handleGetActivity",void APIHandlers::handleGetActivity(AsyncWebServerRequest* request)
firmware/src/api_handlers.cpp,,"APIHandlers::handleGetConfig",void APIHandlers::handleGetConfig(AsyncWebServerRequest* request)
firmware/src/api_handlers.cpp,,"APIHandlers::handleGetSystemConfig",void APIHandlers::handleGetSystemConfig(AsyncWebServerRequest* request)
firmware/src/api_handlers.cpp,,"APIHandlers::handleStartScan",void APIHandlers::handleStartScan(AsyncWebServerRequest* request)
firmware/src/api_handlers.cpp,,"APIHandlers::handleStopScan",void APIHandlers::handleStopScan(AsyncWebServerRequest* request)
firmware/src/api_handlers.cpp,,"APIHandlers::handleGetReconSummary",void APIHandlers::handleGetReconSummary(AsyncWebServerRequest* request)
firmware/src/api_handlers.cpp,,"APIHandlers::handleGetDeviceTypeSummary",void APIHandlers::handleGetDeviceTypeSummary(AsyncWebServerRequest* request)
firmware/src/api_handlers.cpp,,"APIHandlers::handleGetSecurityAssessment",void APIHandlers::handleGetSecurityAssessment(AsyncWebServerRequest* request)
firmware/src/api_handlers.cpp,,"APIHandlers::handleGetAnomalies",void APIHandlers::handleGetAnomalies(AsyncWebServerRequest* request)
firmware/src/api_handlers.cpp,,"APIHandlers::handleAcknowledgeAnomaly",void APIHandlers::handleAcknowledgeAnomaly(AsyncWebServerRequest* request)
firmware/src/api_handlers.cpp,,"APIHandlers::handleGetTemporalData",void APIHandlers::handleGetTemporalData(AsyncWebServerRequest* request)
firmware/src/api_handlers.cpp,,"APIHandlers::handleGetPSKStats",void APIHandlers::handleGetPSKStats(AsyncWebServerRequest* request)
firmware/src/api_handlers.cpp,,"APIHandlers::handleGetReplaySlots",void APIHandlers::handleGetReplaySlots(AsyncWebServerRequest* request)
firmware/src/api_handlers.cpp,,"APIHandlers::handleClearReplaySlots",void APIHandlers::handleClearReplaySlots(AsyncWebServerRequest* request)
firmware/src/api_handlers.cpp,,"APIHandlers::handleReplayPacket",void APIHandlers::handleReplayPacket(AsyncWebServerRequest* request)
firmware/src/api_handlers.cpp,,"APIHandlers::handleClearDevices",void APIHandlers::handleClearDevices(AsyncWebServerRequest* request)
firmware/src/api_handlers.cpp,,"APIHandlers::handleStartFrequencyTargeting",void APIHandlers::handleStartFrequencyTargeting(AsyncWebServerRequest* request)
firmware/src/api_handlers.cpp,,"APIHandlers::handleGetDiagnostics",void APIHandlers::handleGetDiagnostics(AsyncWebServerRequest* request)
firmware/src/api_handlers.cpp,,"APIHandlers::handleSetVerboseMode",void APIHandlers::handleSetVerboseMode(AsyncWebServerRequest* request)
firmware/src/api_handlers.cpp,,"APIHandlers::handleCommand",void APIHandlers::handleCommand(AsyncWebServerRequest* request)
firmware/src/api_handlers.cpp,,"APIHandlers::handleExportReport",void APIHandlers::handleExportReport(AsyncWebServerRequest* request)
firmware/src/api_handlers.cpp,,"APIHandlers::handleListFiles",void APIHandlers::handleListFiles(AsyncWebServerRequest* request)
firmware/src/api_handlers.cpp,,"APIHandlers::handleDownloadFile",void APIHandlers::handleDownloadFile(AsyncWebServerRequest* request)
firmware/src/text_packet_diagnostic.cpp,,"TextPacketDiagnostic::reset",void TextPacketDiagnostic::reset()
firmware/src/text_packet_diagnostic.cpp,,"TextPacketDiagnostic::analyzePacket","void TextPacketDiagnostic::analyzePacket(const uint8_t* data, size_t length, float rssi, float snr)"
firmware/src/text_packet_diagnostic.cpp,,"TextPacketDiagnostic::analyzeDecryptedPacket","void TextPacketDiagnostic::analyzeDecryptedPacket(const uint8_t* decrypted, size_t length, size_t originalLength)"
firmware/src/text_packet_diagnostic.cpp,,"TextPacketDiagnostic::printReport",void TextPacketDiagnostic::printReport()
firmware/src/text_packet_diagnostic.cpp,,"TextPacketDiagnostic::enableVerbose",void TextPacketDiagnostic::enableVerbose(bool enable)
firmware/src/text_packet_diagnostic.cpp,,"TextPacketDiagnostic::isVerbose",bool TextPacketDiagnostic::isVerbose()
firmware/src/text_packet_diagnostic.cpp,,"TextPacketDiagnostic::getStats",void TextPacketDiagnostic::getStats(DiagnosticStats& stats)
firmware/src/oled_display.cpp,OLEDDisplay,OLEDDisplay,OLEDDisplay::OLEDDisplay()
firmware/src/oled_display.cpp,OLEDDisplay,initialize,bool OLEDDisplay::initialize()
firmware/src/oled_display.cpp,OLEDDisplay,update,void OLEDDisplay::update()
firmware/src/oled_display.cpp,OLEDDisplay,reinitialize,bool OLEDDisplay::reinitialize()
firmware/src/oled_display.cpp,OLEDDisplay,turnOn,void OLEDDisplay::turnOn()
firmware/src/oled_display.cpp,OLEDDisplay,turnOff,void OLEDDisplay::turnOff()
firmware/src/oled_display.cpp,OLEDDisplay,toggle,void OLEDDisplay::toggle()
firmware/src/oled_display.cpp,OLEDDisplay,resetAutoOffTimer,void OLEDDisplay::resetAutoOffTimer()
firmware/src/oled_display.cpp,OLEDDisplay,setAutoOffTimeout,void OLEDDisplay::setAutoOffTimeout(uint32_t timeoutMs)
firmware/src/oled_display.cpp,OLEDDisplay,showWelcome,void OLEDDisplay::showWelcome()
firmware/src/oled_display.cpp,OLEDDisplay,showBootProgress,"void OLEDDisplay::showBootProgress(const char* stage, uint8_t step, uint8_t totalSteps)"
firmware/src/oled_display.cpp,OLEDDisplay,showScanningStatus,"void OLEDDisplay::showScanningStatus(const char* frequency, uint8_t sf, uint8_t configIndex, uint8_t totalConfigs)"
firmware/src/oled_display.cpp,OLEDDisplay,showPacketReceived,"void OLEDDisplay::showPacketReceived(float rssi, float snr, const char* protocol, uint32_t nodeId)"
firmware/src/oled_display.cpp,OLEDDisplay,showDeviceCount,"void OLEDDisplay::showDeviceCount(uint8_t rfActivity, uint8_t trackedNodes, uint8_t targetableDevices)"
firmware/src/oled_display.cpp,OLEDDisplay,showTargetingMode,void OLEDDisplay::showTargetingMode(const char* targetInfo)
firmware/src/oled_display.cpp,OLEDDisplay,showShutdown,void OLEDDisplay::showShutdown()
firmware/src/oled_display.cpp,OLEDDisplay,showReboot,void OLEDDisplay::showReboot()
firmware/src/oled_display.cpp,OLEDDisplay,clearAndOff,void OLEDDisplay::clearAndOff()
firmware/src/oled_display.cpp,OLEDDisplay,clearInfo,void OLEDDisplay::clearInfo()
firmware/src/oled_display.cpp,OLEDDisplay,setGpsStatus,"void OLEDDisplay::setGpsStatus(bool hasFix, uint32_t satellites)"
firmware/src/oled_display.cpp,OLEDDisplay,setNetworkInfo,"void OLEDDisplay::setNetworkInfo(const char* ipAddr, const char* mdnsName)"
firmware/src/oled_display.cpp,OLEDDisplay,drawHeader,void OLEDDisplay::drawHeader(const char* title)
firmware/src/oled_display.cpp,OLEDDisplay,drawFooter,void OLEDDisplay::drawFooter(const char* text)
firmware/src/oled_display.cpp,OLEDDisplay,renderWelcome,void OLEDDisplay::renderWelcome()
firmware/src/oled_display.cpp,OLEDDisplay,renderBoot,void OLEDDisplay::renderBoot()
firmware/src/oled_display.cpp,OLEDDisplay,renderScanning,void OLEDDisplay::renderScanning()
firmware/src/oled_display.cpp,OLEDDisplay,renderPacketInfo,void OLEDDisplay::renderPacketInfo()
firmware/src/oled_display.cpp,OLEDDisplay,renderDeviceList,void OLEDDisplay::renderDeviceList()
firmware/src/oled_display.cpp,OLEDDisplay,renderTargeting,void OLEDDisplay::renderTargeting()
firmware/src/oled_display.cpp,OLEDDisplay,renderShutdown,void OLEDDisplay::renderShutdown()
firmware/src/oled_display.cpp,OLEDDisplay,showApiToken,void OLEDDisplay::showApiToken(const char* token)
firmware/src/command_handler.cpp,CommandHandler,CommandHandler,CommandHandler::CommandHandler(IReconTool* tool)
firmware/src/command_handler.cpp,CommandHandler,handleCommand,bool CommandHandler::handleCommand(char cmd)
firmware/src/command_handler.cpp,CommandHandler,findCommand,const CommandHandler::CommandEntry* CommandHandler::findCommand(char cmd)
firmware/src/command_handler.cpp,CommandHandler,showCommands,void CommandHandler::showCommands()
firmware/src/command_handler.cpp,CommandHandler,cmdShowMenu,void CommandHandler::cmdShowMenu(IReconTool* tool)
firmware/src/command_handler.cpp,CommandHandler,cmdFrequencyTargeting,void CommandHandler::cmdFrequencyTargeting(IReconTool* tool)
firmware/src/command_handler.cpp,CommandHandler,cmdDeviceTypeSummary,void CommandHandler::cmdDeviceTypeSummary(IReconTool* tool)
firmware/src/command_handler.cpp,CommandHandler,cmdActivityDetails,void CommandHandler::cmdActivityDetails(IReconTool* tool)
firmware/src/command_handler.cpp,CommandHandler,cmdPacketReplay,void CommandHandler::cmdPacketReplay(IReconTool* tool)
firmware/src/command_handler.cpp,CommandHandler,cmdResumeRecon,void CommandHandler::cmdResumeRecon(IReconTool* tool)
firmware/src/command_handler.cpp,CommandHandler,cmdRebootDevice,void CommandHandler::cmdRebootDevice(IReconTool* tool)
firmware/src/command_handler.cpp,CommandHandler,cmdShowSummary,void CommandHandler::cmdShowSummary(IReconTool* tool)
firmware/src/command_handler.cpp,CommandHandler,cmdSecurityAssessment,void CommandHandler::cmdSecurityAssessment(IReconTool* tool)
firmware/src/command_handler.cpp,CommandHandler,cmdCapturePacket,void CommandHandler::cmdCapturePacket(IReconTool* tool)
firmware/src/command_handler.cpp,CommandHandler,cmdDeviceTarget,"void CommandHandler::cmdDeviceTarget(IReconTool* tool, uint8_t deviceIndex)"
firmware/src/command_handler.cpp,CommandHandler,cmdGeoIntelligence,void CommandHandler::cmdGeoIntelligence(IReconTool* tool)
firmware/src/command_handler.cpp,CommandHandler,cmdExportKML,void CommandHandler::cmdExportKML(IReconTool* tool)
firmware/src/command_handler.cpp,CommandHandler,cmdExportGeoJSON,void CommandHandler::cmdExportGeoJSON(IReconTool* tool)
firmware/src/command_handler.cpp,CommandHandler,cmdDiagnosticReport,void CommandHandler::cmdDiagnosticReport(IReconTool* tool)
firmware/src/command_handler.cpp,CommandHandler,cmdToggleQuietMode,void CommandHandler::cmdToggleQuietMode(IReconTool* tool)
firmware/src/command_handler.cpp,CommandHandler,cmdClearPackets,void CommandHandler::cmdClearPackets(IReconTool* tool)
firmware/src/command_handler.cpp,CommandHandler,cmdClearDevices,void CommandHandler::cmdClearDevices(IReconTool* tool)
firmware/src/command_handler.cpp,CommandHandler,cmdShowToken,void CommandHandler::cmdShowToken(IReconTool* tool)
firmware/src/command_handler.cpp,CommandHandler,cmdLoRaWANStats,void CommandHandler::cmdLoRaWANStats(IReconTool* tool)
firmware/src/command_handler.cpp,CommandHandler,cmdResetInfo,void CommandHandler::cmdResetInfo(IReconTool* tool)
firmware/src/command_handler.cpp,CommandHandler,cmdExitMenu,void CommandHandler::cmdExitMenu(IReconTool* tool)
firmware/src/psk_decryption_simple.cpp,PSKDecryption,setLastMessage,void PSKDecryption::setLastMessage(const char* msg)
firmware/src/psk_decryption_simple.cpp,PSKDecryption,getLastMessageSafe,"void PSKDecryption::getLastMessageSafe(char* buffer, size_t bufferSize)"
firmware/src/psk_decryption_simple.cpp,PSKDecryption,clearLastMessage,void PSKDecryption::clearLastMessage()
firmware/src/psk_decryption_simple.cpp,,extractTextField,"static bool extractTextField(const uint8_t* data, size_t len, size_t startPos, String& text)"
firmware/src/psk_decryption_simple.cpp,,extractMessage,"static bool extractMessage(const uint8_t* data, size_t len, String& text)"
firmware/src/psk_decryption_simple.cpp,PSKDecryption,initialize,void PSKDecryption::initialize()
firmware/src/psk_decryption_simple.cpp,PSKDecryption,decodeBase64,"int PSKDecryption::decodeBase64(const char* input, uint8_t* output, size_t maxLen)"
firmware/src/psk_decryption_simple.cpp,PSKDecryption,testDefaultPSKs,"bool PSKDecryption::testDefaultPSKs(const uint8_t* data, size_t length)"
firmware/src/psk_decryption_simple.cpp,PSKDecryption,getStats,PSKStats PSKDecryption::getStats()
firmware/src/psk_decryption_simple.cpp,PSKDecryption,resetStats,void PSKDecryption::resetStats()
firmware/src/psk_decryption_simple.cpp,PSKDecryption,printStats,void PSKDecryption::printStats()
firmware/src/recon_state.cpp,ReconState,ReconState,ReconState::ReconState()
firmware/src/recon_state.cpp,ReconState,lock,bool ReconState::lock(uint32_t timeoutMs) const
firmware/src/recon_state.cpp,ReconState,unlock,void ReconState::unlock() const
firmware/src/recon_state.cpp,ReconState,initialize,void ReconState::initialize()
firmware/src/recon_state.cpp,ReconState,reset,void ReconState::reset()
firmware/src/recon_state.cpp,ReconState,getScanConfig,const ScanConfig& ReconState::getScanConfig(uint8_t index) const
firmware/src/recon_state.cpp,ReconState,getNumConfigs,uint8_t ReconState::getNumConfigs() const
firmware/src/recon_state.cpp,ReconState,isValidConfigIndex,bool ReconState::isValidConfigIndex(uint8_t index) const
firmware/src/recon_state.cpp,ReconState,updateRFActivity,"void ReconState::updateRFActivity(uint8_t configIndex, float rssi)"
firmware/src/recon_state.cpp,ReconState,getRFActivity,const RFActivity& ReconState::getRFActivity(uint8_t configIndex) const
firmware/src/recon_state.cpp,ReconState,clearRFActivity,void ReconState::clearRFActivity()
firmware/src/recon_state.cpp,ReconState,addTargetableDevice,"void ReconState::addTargetableDevice(uint32_t nodeId, uint8_t configIndex, float rssi, const char* protocol, const uint8_t* packetData, size_t packetLength, uint8_t hopCount)"
firmware/src/recon_state.cpp,ReconState,getTargetableDevice,TargetableDevice ReconState::getTargetableDevice(uint8_t index) const
firmware/src/recon_state.cpp,ReconState,clearTargetableDevices,void ReconState::clearTargetableDevices()
firmware/src/recon_state.cpp,ReconState,hasRFActivity,bool ReconState::hasRFActivity() const
firmware/src/recon_state.cpp,ReconState,getReconDuration,uint32_t ReconState::getReconDuration() const
firmware/src/recon_state.cpp,ReconState,identifyDeviceType,"const char* ReconState::identifyDeviceType(const uint8_t* data, size_t length, const char* protocol, float rssi) const"
firmware/src/recon_state.cpp,ReconState,isRoutingDevice,"bool ReconState::isRoutingDevice(const uint8_t* data, size_t length, const char* protocol) const"
firmware/src/recon_state.cpp,ReconState,estimateFirmwareVersion,"const char* ReconState::estimateFirmwareVersion(const uint8_t* data, size_t length, const char* protocol) const"
firmware/src/recon_state.cpp,ReconState,printStateSummary,void ReconState::printStateSummary() const
firmware/src/recon_state.cpp,ReconState,capturePacketForReplay,"bool ReconState::capturePacketForReplay(const uint8_t* data, size_t length, uint8_t configIndex, float rssi, float snr, const char* protocol, const char* decryptedText, uint32_t nodeId, uint32_t packetId, uint8_t hopCount, uint32_t destId, uint8_t channel, bool wantAck, bool viaMqtt, uint8_t priority)"
firmware/src/recon_state.cpp,ReconState,getReplayPacket,CapturedPacket ReconState::getReplayPacket(uint8_t index) const
firmware/src/recon_state.cpp,ReconState,clearReplaySlots,void ReconState::clearReplaySlots()
firmware/src/recon_state.cpp,ReconState,updateNetworkIntel,void ReconState::updateNetworkIntel()
firmware/src/recon_state.cpp,ReconState,recordAnomaly,"void ReconState::recordAnomaly(uint32_t nodeId, AnomalyType type, float severity, const char* description)"
firmware/src/recon_state.cpp,ReconState,checkForAnomalies,"void ReconState::checkForAnomalies(const uint8_t* data, size_t length, uint32_t nodeId, float rssi)"
firmware/src/recon_state.cpp,ReconState,getUnacknowledgedAnomalies,uint8_t ReconState::getUnacknowledgedAnomalies() const
firmware/src/recon_state.cpp,ReconState,updateTrafficHistogram,void ReconState::updateTrafficHistogram()
firmware/src/recon_state.cpp,ReconState,updateDeviceTemporalMetrics,void ReconState::updateDeviceTemporalMetrics(uint32_t nodeId)
firmware/src/recon_service.cpp,ReconService,initialize,void ReconService::initialize(IReconTool* tool)
firmware/src/recon_service.cpp,ReconService,isInitialized,bool ReconService::isInitialized()
firmware/src/recon_service.cpp,ReconService,findDeviceIndex,uint8_t ReconService::findDeviceIndex(uint32_t nodeId)
firmware/src/recon_service.cpp,ReconService,startTargetedCaptureByNodeId,"bool ReconService::startTargetedCaptureByNodeId(uint32_t nodeId, String& outMessage)"
firmware/src/recon_service.cpp,ReconService,startTargetedCaptureByIndex,"bool ReconService::startTargetedCaptureByIndex(uint8_t deviceIndex, String& outMessage)"
firmware/src/recon_service.cpp,ReconService,stopCapture,bool ReconService::stopCapture(String& outMessage)
firmware/src/recon_service.cpp,ReconService,clearReplaySlots,bool ReconService::clearReplaySlots(String& outMessage)
firmware/src/recon_service.cpp,ReconService,clearDevices,bool ReconService::clearDevices(String& outMessage)
firmware/src/recon_service.cpp,ReconService,replayPacket,"bool ReconService::replayPacket(uint8_t slotIndex, uint8_t repeatCount, uint16_t delayMs, String& outMessage)"
firmware/src/recon_service.cpp,ReconService,startFrequencyTargeting,"bool ReconService::startFrequencyTargeting(uint8_t configIndex, String& outMessage)"
firmware/src/recon_service.cpp,ReconService,setVerboseMode,"bool ReconService::setVerboseMode(bool enableVerbose, String& outMessage)"
firmware/src/psk_tests.h,PSKTests,runAll,static void PSKTests::runAll()
firmware/src/psk_tests.h,PSKTests,testBase64Decode,static int PSKTests::testBase64Decode()
firmware/src/psk_tests.h,PSKTests,testMeshtasticPacketDetection,static int PSKTests::testMeshtasticPacketDetection()
firmware/src/psk_tests.h,PSKTests,testDefaultPSKs,static int PSKTests::testDefaultPSKs()
firmware/src/psk_tests.h,PSKTests,testMessageExtraction,static int PSKTests::testMessageExtraction()
firmware/src/utils/json_utils.h,,JsonUtils::success,inline String JsonUtils::success(const char* message = nullptr)
firmware/src/utils/json_utils.h,,JsonUtils::success,inline String JsonUtils::success(const String& message)
firmware/src/utils/json_utils.h,,JsonUtils::error,inline String JsonUtils::error(const char* error)
firmware/src/utils/json_utils.h,,JsonUtils::error,inline String JsonUtils::error(const String& error)
firmware/src/utils/json_utils.h,,JsonUtils::successWithData,"template<typename F> inline String JsonUtils::successWithData(F populateData)"
firmware/src/utils/json_utils.h,,JsonUtils::successDoc,inline JsonDocument JsonUtils::successDoc()
firmware/src/utils/json_utils.h,,JsonUtils::errorResponse,inline String JsonUtils::errorResponse(const char* message)
firmware/src/utils/json_utils.h,,JsonUtils::serialize,inline String JsonUtils::serialize(JsonDocument& doc)
firmware/src/utils/json_utils.h,,JsonUtils::healthOk,inline String JsonUtils::healthOk(const char* service = "ESP32 LoRa Sniffer")
firmware/src/utils/format_utils.h,,FormatUtils::formatNodeId,inline String FormatUtils::formatNodeId(uint32_t nodeId)
firmware/src/utils/format_utils.h,,FormatUtils::formatNodeIdJson,inline String FormatUtils::formatNodeIdJson(uint32_t nodeId)
firmware/src/utils/format_utils.h,,FormatUtils::formatNodeIdPadded,inline String FormatUtils::formatNodeIdPadded(uint32_t nodeId)
firmware/src/utils/format_utils.h,,FormatUtils::estimatePowerClass,inline uint8_t FormatUtils::estimatePowerClass(float rssi)
firmware/src/utils/format_utils.h,,FormatUtils::formatDuration,inline String FormatUtils::formatDuration(uint32_t seconds)
firmware/src/utils/sd_utils.h,,SDUtils::getState,inline SDState& SDUtils::getState()
firmware/src/utils/sd_utils.h,,SDUtils::getSDSPI,inline SPIClass& SDUtils::getSDSPI()
firmware/src/utils/sd_utils.h,,SDUtils::initialize,inline bool SDUtils::initialize(int csPin = Config::Hardware::SD_CS)
firmware/src/utils/sd_utils.h,,SDUtils::isAvailable,inline bool SDUtils::isAvailable()
firmware/src/utils/sd_utils.h,,SDUtils::getCardTypeString,inline const char* SDUtils::getCardTypeString()
firmware/src/utils/sd_utils.h,,SDUtils::getCardSizeMB,inline uint64_t SDUtils::getCardSizeMB()
firmware/src/utils/sd_utils.h,,SDUtils::getUsedMB,inline uint64_t SDUtils::getUsedMB()
firmware/src/utils/sd_utils.h,,SDUtils::getFreeMB,inline uint64_t SDUtils::getFreeMB()
firmware/src/utils/sd_utils.h,,SDUtils::ensureDirectory,inline bool SDUtils::ensureDirectory(const char* path)
firmware/src/utils/protobuf_utils.h,,ProtobufUtils::decodeVarint,"inline bool ProtobufUtils::decodeVarint(const uint8_t* data, size_t dataLen, size_t pos, uint32_t& value, size_t& bytesRead)"
firmware/src/utils/protobuf_utils.h,,ProtobufUtils::decodeSignedVarint,"inline int32_t ProtobufUtils::decodeSignedVarint(const uint8_t* data, size_t maxLen, size_t& bytesRead)"
firmware/src/utils/protobuf_utils.h,,ProtobufUtils::decodeVarintSimple,"inline int32_t ProtobufUtils::decodeVarintSimple(const uint8_t* data, size_t maxLen, size_t& bytesRead)"
firmware/src/utils/protobuf_utils.h,,ProtobufUtils::getFieldNumber,inline uint8_t ProtobufUtils::getFieldNumber(uint8_t wireByte)
firmware/src/utils/protobuf_utils.h,,ProtobufUtils::getWireType,inline uint8_t ProtobufUtils::getWireType(uint8_t wireByte)
firmware/src/utils/protobuf_utils.h,,ProtobufUtils::isValidWireType,inline bool ProtobufUtils::isValidWireType(uint8_t wireType)
firmware/src/utils/security_scorer.h,,SecurityScorer::assess,inline SecurityScorer::Assessment SecurityScorer::assess(const TargetableDevice& device)
firmware/src/utils/security_scorer.h,,SecurityScorer::hasFindings,inline bool SecurityScorer::hasFindings(const Assessment& a)
firmware/src/utils/security_scorer.h,,SecurityScorer::getFindingCount,inline uint8_t SecurityScorer::getFindingCount(const Assessment& a)
